id_commande,date_commande,client,ville_client,telephone_client,employe,departement,produit,categorie_produit,quantite,prix_unitaire,prix_total,fournisseur,ville_fournisseur,statut_commande,projet,budget_projet,heures_travaillees
CMD-0018,2024-01-08,Chaabane Travaux Publics,Agadir,0528-224567,Yassine El Amrani,Commercial,Dalle alvéolée préfabriquée,Structure,288,832.93,239883.84,Granulats de l'Atlas,Marrakech,Livrée,Marrakech Gate Towers,21000000.0,116
CMD-0069,2024-01-15,Ynna Holding Travaux,Casablanca,0522-664321,Nadia Chraibi,Logistique,Bloc béton creux 20x20x40,Maçonnerie,121,6.48,784.08,Ciments du Maroc,Casablanca,En cours,Complexe Atlas Business Center,12000000.0,158
CMD-0113,2024-01-16,Immo Atlas Promotion,Marrakech,0524-332211,Younes Berrada,Commercial,Poteau préfabriqué,Structure,343,1009.51,346261.93,Granulats de l'Atlas,Marrakech,Livrée,Résidence Palmiers Dorés,4500000.0,71
CMD-0045,2024-01-26,Résidences Al Wifaq,Marrakech,0524-556789,Imane Tazi,Ressources Humaines,Bloc béton creux 20x20x40,Maçonnerie,120,6.86,823.2,Ciments du Maroc,Casablanca,Livrée,Complexe Atlas Business Center,12000000.0,79
CMD-0105,2024-01-26,Menara Business Park SARL,Marrakech,0524-223344,Khadija Saadi,Qualité,Corniche décorative béton,Façade,60,332.07,19924.2,Adjuvants Maroc SA,Settat,En cours,Complexe Atlas Business Center,12000000.0,245
CMD-0079,2024-01-27,Ynna Holding Travaux,Casablanca,0522-664321,Rachid Alaoui,Finance,Dalle alvéolée préfabriquée,Structure,381,843.12,321228.72,Adjuvants Maroc SA,Settat,Livrée,Lotissement Al Wifaq Extension,3100000.0,132
CMD-0039,2024-02-09,Douja Promotion Addoha,Marrakech,0524-778821,Rachid Alaoui,Finance,Poutre précontrainte,Structure,96,1230.57,118134.72,Ciments du Maroc,Casablanca,Livrée,Complexe Atlas Business Center,12000000.0,139
CMD-0159,2024-02-15,Bina Sakane Promoteur,Rabat,0537-887766,Hafsa Idrissi,Production,Poutre précontrainte,Structure,381,1258.04,479313.24,Sonasid Acier,El Jadida,Livrée,Marrakech Gate Towers,21000000.0,72
CMD-0094,2024-02-17,Menara Business Park SARL,Marrakech,0524-223344,Hafsa Idrissi,Production,Poutre précontrainte,Structure,90,1248.26,112343.4,Ciments du Maroc,Casablanca,Livrée,Lotissement Al Wifaq Extension,3100000.0,18
CMD-0047,2024-02-21,Immo Atlas Promotion,Marrakech,0524-332211,Mehdi Fassi,Qualité,Corniche décorative béton,Façade,95,337.45,32057.75,Ciments du Maroc,Casablanca,En cours,Zone Industrielle Sidi Ghanem,8200000.0,241
CMD-0139,2024-03-04,Menara Business Park SARL,Marrakech,0524-223344,Hafsa Idrissi,Production,Bloc béton creux 20x20x40,Maçonnerie,314,6.58,2066.12,Adjuvants Maroc SA,Settat,Livrée,Complexe Atlas Business Center,12000000.0,81
CMD-0160,2024-03-05,Bina Sakane Promoteur,Rabat,0537-887766,Mehdi Fassi,Qualité,Prédalle béton armé,Structure,328,759.48,249109.44,Bois & Coffrage Sud,Marrakech,En cours,Lotissement Al Wifaq Extension,3100000.0,73
CMD-0155,2024-03-05,Chaabane Travaux Publics,Agadir,0528-224567,Omar Benjelloun,Logistique,Bloc béton creux 20x20x40,Maçonnerie,332,6.85,2274.2,Ciments du Maroc,Casablanca,Livrée,Lotissement Al Wifaq Extension,3100000.0,238
CMD-0111,2024-03-11,Prom'Habitat Sud,Ouarzazate,0528-441234,Mehdi Fassi,Qualité,Escalier préfabriqué,Aménagement,69,3367.38,232349.22,Ciments du Maroc,Casablanca,En attente,Zone Industrielle Sidi Ghanem,8200000.0,109
CMD-0087,2024-03-12,Ynna Holding Travaux,Casablanca,0522-664321,Salma Bouziane,Commercial,Poteau préfabriqué,Structure,102,1016.35,103667.7,Adjuvants Maroc SA,Settat,Livrée,Lotissement Al Wifaq Extension,3100000.0,73
CMD-0076,2024-03-13,Alliance Ciment & Béton,Safi,0524-990011,Rachid Alaoui,Finance,Bloc béton creux 20x20x40,Maçonnerie,366,6.41,2346.06,Ciments du Maroc,Casablanca,En cours,Complexe Atlas Business Center,12000000.0,236
CMD-0006,2024-03-14,Sotramep BTP,Casablanca,0522-457896,Rachid Alaoui,Finance,Escalier préfabriqué,Aménagement,194,3187.79,618431.26,Lafarge Holcim Maroc,Casablanca,En cours,Zone Industrielle Sidi Ghanem,8200000.0,140
CMD-0175,2024-03-16,Menara Business Park SARL,Marrakech,0524-223344,Khadija Saadi,Qualité,Corniche décorative béton,Façade,299,307.07,91813.93,Adjuvants Maroc SA,Settat,Livrée,Lotissement Al Wifaq Extension,3100000.0,166
CMD-0166,2024-03-17,Bina Sakane Promoteur,Rabat,0537-887766,Rachid Alaoui,Finance,Escalier préfabriqué,Aménagement,227,3154.22,716007.94,Bois & Coffrage Sud,Marrakech,En cours,Marrakech Gate Towers,21000000.0,33
CMD-0135,2024-03-18,Prom'Habitat Sud,Ouarzazate,0528-441234,Yassine El Amrani,Commercial,Poteau préfabriqué,Structure,106,923.93,97936.58,Ciments du Maroc,Casablanca,Livrée,Complexe Atlas Business Center,12000000.0,82
CMD-0059,2024-03-18,Sotramep BTP,Casablanca,0522-457896,Imane Tazi,Ressources Humaines,Acrotère préfabriqué,Façade,208,439.68,91453.44,Granulats de l'Atlas,Marrakech,En cours,Lotissement Al Wifaq Extension,3100000.0,105
CMD-0005,2024-03-22,Résidences Al Wifaq,Marrakech,0524-556789,Khadija Saadi,Qualité,Bloc béton creux 20x20x40,Maçonnerie,28,6.73,188.44,Adjuvants Maroc SA,Settat,En attente,Résidence Palmiers Dorés,4500000.0,152
CMD-0015,2024-03-28,Groupe Alliances Construction,Marrakech,0524-301122,Hafsa Idrissi,Production,Bloc béton creux 20x20x40,Maçonnerie,128,6.92,885.76,Granulats de l'Atlas,Marrakech,En cours,Résidence Palmiers Dorés,4500000.0,44
CMD-0072,2024-03-28,Sotramep BTP,Casablanca,0522-457896,Rachid Alaoui,Finance,Acrotère préfabriqué,Façade,82,397.45,32590.9,Ciments du Maroc,Casablanca,Annulée,Résidence Palmiers Dorés,4500000.0,159
CMD-0171,2024-03-30,Ynna Holding Travaux,Casablanca,0522-664321,Yassine El Amrani,Commercial,Poutre précontrainte,Structure,93,1280.19,119057.67,Sonasid Acier,El Jadida,En attente,Lotissement Al Wifaq Extension,3100000.0,231
CMD-0110,2024-04-03,Bina Sakane Promoteur,Rabat,0537-887766,Imane Tazi,Ressources Humaines,Corniche décorative béton,Façade,102,344.28,35116.56,Ciments du Maroc,Casablanca,En cours,Complexe Atlas Business Center,12000000.0,236
CMD-0125,2024-04-03,Immo Atlas Promotion,Marrakech,0524-332211,Younes Berrada,Commercial,Corniche décorative béton,Façade,77,334.82,25781.14,Bois & Coffrage Sud,Marrakech,En cours,Résidence Palmiers Dorés,4500000.0,19
CMD-0032,2024-04-04,Menara Business Park SARL,Marrakech,0524-223344,Omar Benjelloun,Logistique,Panneau de façade préfabriqué,Façade,255,1424.84,363334.2,Bois & Coffrage Sud,Marrakech,En cours,Marrakech Gate Towers,21000000.0,30
CMD-0109,2024-04-11,Résidences Al Wifaq,Marrakech,0524-556789,Sara Lahlou,Production,Bloc béton creux 20x20x40,Maçonnerie,232,6.98,1619.36,Granulats de l'Atlas,Marrakech,Annulée,Lotissement Al Wifaq Extension,3100000.0,189
CMD-0070,2024-04-15,Immo Atlas Promotion,Marrakech,0524-332211,Omar Benjelloun,Logistique,Longrine préfabriquée,Fondation,362,740.18,267945.16,Ciments du Maroc,Casablanca,En attente,Complexe Atlas Business Center,12000000.0,255
CMD-0116,2024-04-20,Prom'Habitat Sud,Ouarzazate,0528-441234,Imane Tazi,Ressources Humaines,Dalle alvéolée préfabriquée,Structure,250,901.13,225282.5,Lafarge Holcim Maroc,Casablanca,Livrée,Résidence Palmiers Dorés,4500000.0,222
CMD-0010,2024-04-22,Alliance Ciment & Béton,Safi,0524-990011,Rachid Alaoui,Finance,Poteau préfabriqué,Structure,257,913.73,234828.61,Sonasid Acier,El Jadida,Livrée,Marrakech Gate Towers,21000000.0,28
CMD-0154,2024-04-23,Ynna Holding Travaux,Casablanca,0522-664321,Rachid Alaoui,Finance,Dalle alvéolée préfabriquée,Structure,115,899.76,103472.4,Ciments du Maroc,Casablanca,En cours,Complexe Atlas Business Center,12000000.0,220
CMD-0012,2024-04-24,Douja Promotion Addoha,Marrakech,0524-778821,Sara Lahlou,Production,Poutre précontrainte,Structure,389,1181.62,459650.18,Bois & Coffrage Sud,Marrakech,Livrée,Marrakech Gate Towers,21000000.0,178
CMD-0169,2024-04-26,Sotramep BTP,Casablanca,0522-457896,Imane Tazi,Ressources Humaines,Escalier préfabriqué,Aménagement,165,3310.22,546186.3,Adjuvants Maroc SA,Settat,Livrée,Lotissement Al Wifaq Extension,3100000.0,131
CMD-0106,2024-04-29,Douja Promotion Addoha,Marrakech,0524-778821,Omar Benjelloun,Logistique,Poutre précontrainte,Structure,363,1187.14,430931.82,Bois & Coffrage Sud,Marrakech,Livrée,Lotissement Al Wifaq Extension,3100000.0,213
CMD-0057,2024-05-09,Sotramep BTP,Casablanca,0522-457896,Mehdi Fassi,Qualité,Bloc béton creux 20x20x40,Maçonnerie,15,6.7,100.5,Ciments du Maroc,Casablanca,Livrée,Zone Industrielle Sidi Ghanem,8200000.0,126
CMD-0167,2024-05-09,Groupe Palmeraie Bâtiment,Marrakech,0524-119933,Omar Benjelloun,Logistique,Poteau préfabriqué,Structure,352,998.99,351644.48,Ciments du Maroc,Casablanca,Livrée,Marrakech Gate Towers,21000000.0,21
CMD-0143,2024-05-10,Prom'Habitat Sud,Ouarzazate,0528-441234,Khadija Saadi,Qualité,Acrotère préfabriqué,Façade,163,419.29,68344.27,Sonasid Acier,El Jadida,En cours,Résidence Palmiers Dorés,4500000.0,172
CMD-0034,2024-05-10,Sotramep BTP,Casablanca,0522-457896,Mehdi Fassi,Qualité,Dalle alvéolée préfabriquée,Structure,303,868.55,263170.65,Adjuvants Maroc SA,Settat,Livrée,Complexe Atlas Business Center,12000000.0,224
CMD-0029,2024-05-15,Sotramep BTP,Casablanca,0522-457896,Hafsa Idrissi,Production,Acrotère préfabriqué,Façade,42,418.16,17562.72,Adjuvants Maroc SA,Settat,En attente,Résidence Palmiers Dorés,4500000.0,139
CMD-0129,2024-05-20,Groupe Alliances Construction,Marrakech,0524-301122,Salma Bouziane,Commercial,Dalle alvéolée préfabriquée,Structure,109,840.81,91648.29,Adjuvants Maroc SA,Settat,En cours,Résidence Palmiers Dorés,4500000.0,112
CMD-0050,2024-05-21,Chaabane Travaux Publics,Agadir,0528-224567,Nadia Chraibi,Logistique,Panneau de façade préfabriqué,Façade,144,1440.81,207476.64,Ciments du Maroc,Casablanca,Livrée,Zone Industrielle Sidi Ghanem,8200000.0,45
CMD-0153,2024-05-22,Bina Sakane Promoteur,Rabat,0537-887766,Sara Lahlou,Production,Escalier préfabriqué,Aménagement,75,3055.93,229194.75,Bois & Coffrage Sud,Marrakech,En cours,Zone Industrielle Sidi Ghanem,8200000.0,245
CMD-0103,2024-05-24,Résidences Al Wifaq,Marrakech,0524-556789,Salma Bouziane,Commercial,Panneau de façade préfabriqué,Façade,63,1465.78,92344.14,Lafarge Holcim Maroc,Casablanca,En cours,Complexe Atlas Business Center,12000000.0,42
CMD-0077,2024-05-25,Résidences Al Wifaq,Marrakech,0524-556789,Mehdi Fassi,Qualité,Poutre précontrainte,Structure,120,1241.03,148923.6,Lafarge Holcim Maroc,Casablanca,Livrée,Marrakech Gate Towers,21000000.0,140
CMD-0091,2024-05-27,Immo Atlas Promotion,Marrakech,0524-332211,Imane Tazi,Ressources Humaines,Prédalle béton armé,Structure,274,833.32,228329.68,Ciments du Maroc,Casablanca,Livrée,Résidence Palmiers Dorés,4500000.0,11
CMD-0088,2024-06-01,Groupe Palmeraie Bâtiment,Marrakech,0524-119933,Nadia Chraibi,Logistique,Panneau de façade préfabriqué,Façade,305,1486.82,453480.1,Ciments du Maroc,Casablanca,Livrée,Complexe Atlas Business Center,12000000.0,254
CMD-0122,2024-06-07,Prom'Habitat Sud,Ouarzazate,0528-441234,Rachid Alaoui,Finance,Acrotère préfabriqué,Façade,185,395.02,73078.7,Granulats de l'Atlas,Marrakech,En cours,Complexe Atlas Business Center,12000000.0,112
CMD-0172,2024-06-10,Bina Sakane Promoteur,Rabat,0537-887766,Khadija Saadi,Qualité,Poutre précontrainte,Structure,282,1185.3,334254.6,Bois & Coffrage Sud,Marrakech,En cours,Marrakech Gate Towers,21000000.0,157
CMD-0146,2024-06-15,Menara Business Park SARL,Marrakech,0524-223344,Imane Tazi,Ressources Humaines,Escalier préfabriqué,Aménagement,72,3288.45,236768.4,Bois & Coffrage Sud,Marrakech,Livrée,Marrakech Gate Towers,21000000.0,82
CMD-0058,2024-06-16,Sotramep BTP,Casablanca,0522-457896,Imane Tazi,Ressources Humaines,Panneau de façade préfabriqué,Façade,90,1491.71,134253.9,Lafarge Holcim Maroc,Casablanca,Annulée,Complexe Atlas Business Center,12000000.0,62
CMD-0165,2024-06-19,Sotramep BTP,Casablanca,0522-457896,Hafsa Idrissi,Production,Panneau de façade préfabriqué,Façade,233,1491.09,347423.97,Bois & Coffrage Sud,Marrakech,En cours,Complexe Atlas Business Center,12000000.0,222
CMD-0023,2024-06-19,Douja Promotion Addoha,Marrakech,0524-778821,Karim Naciri,Production,Longrine préfabriquée,Fondation,52,738.6,38407.2,Bois & Coffrage Sud,Marrakech,Livrée,Résidence Palmiers Dorés,4500000.0,125
CMD-0044,2024-06-22,Groupe Palmeraie Bâtiment,Marrakech,0524-119933,Imane Tazi,Ressources Humaines,Prédalle béton armé,Structure,350,762.67,266934.5,Lafarge Holcim Maroc,Casablanca,En cours,Lotissement Al Wifaq Extension,3100000.0,246
CMD-0095,2024-06-23,Groupe Alliances Construction,Marrakech,0524-301122,Nadia Chraibi,Logistique,Corniche décorative béton,Façade,130,326.1,42393.0,Granulats de l'Atlas,Marrakech,Livrée,Zone Industrielle Sidi Ghanem,8200000.0,96
CMD-0144,2024-07-03,Menara Business Park SARL,Marrakech,0524-223344,Mehdi Fassi,Qualité,Corniche décorative béton,Façade,190,304.76,57904.4,Bois & Coffrage Sud,Marrakech,Annulée,Marrakech Gate Towers,21000000.0,162
CMD-0068,2024-07-15,Résidences Al Wifaq,Marrakech,0524-556789,Nadia Chraibi,Logistique,Poutre précontrainte,Structure,166,1158.65,192335.9,Sonasid Acier,El Jadida,Livrée,Zone Industrielle Sidi Ghanem,8200000.0,98
CMD-0149,2024-07-23,Alliance Ciment & Béton,Safi,0524-990011,Rachid Alaoui,Finance,Corniche décorative béton,Façade,275,321.42,88390.5,Granulats de l'Atlas,Marrakech,En attente,Marrakech Gate Towers,21000000.0,86
CMD-0074,2024-07-31,Résidences Al Wifaq,Marrakech,0524-556789,Imane Tazi,Ressources Humaines,Acrotère préfabriqué,Façade,35,421.99,14769.65,Granulats de l'Atlas,Marrakech,En cours,Marrakech Gate Towers,21000000.0,54
CMD-0016,2024-08-04,Sotramep BTP,Casablanca,0522-457896,Imane Tazi,Ressources Humaines,Prédalle béton armé,Structure,89,767.88,68341.32,Sonasid Acier,El Jadida,En attente,Marrakech Gate Towers,21000000.0,220
CMD-0008,2024-08-05,Groupe Alliances Construction,Marrakech,0524-301122,Yassine El Amrani,Commercial,Corniche décorative béton,Façade,38,312.78,11885.64,Granulats de l'Atlas,Marrakech,En cours,Complexe Atlas Business Center,12000000.0,165
CMD-0100,2024-08-12,Menara Business Park SARL,Marrakech,0524-223344,Sara Lahlou,Production,Prédalle béton armé,Structure,122,802.56,97912.32,Bois & Coffrage Sud,Marrakech,En cours,Complexe Atlas Business Center,12000000.0,184
CMD-0026,2024-08-28,Alliance Ciment & Béton,Safi,0524-990011,Rachid Alaoui,Finance,Longrine préfabriquée,Fondation,100,661.65,66165.0,Ciments du Maroc,Casablanca,Livrée,Résidence Palmiers Dorés,4500000.0,38
CMD-0098,2024-08-30,Groupe Palmeraie Bâtiment,Marrakech,0524-119933,Khadija Saadi,Qualité,Panneau de façade préfabriqué,Façade,201,1538.35,309208.35,Lafarge Holcim Maroc,Casablanca,Livrée,Zone Industrielle Sidi Ghanem,8200000.0,58
CMD-0173,2024-08-30,Menara Business Park SARL,Marrakech,0524-223344,Mehdi Fassi,Qualité,Longrine préfabriquée,Fondation,67,743.87,49839.29,Granulats de l'Atlas,Marrakech,En cours,Zone Industrielle Sidi Ghanem,8200000.0,75
CMD-0089,2024-09-01,Ynna Holding Travaux,Casablanca,0522-664321,Nadia Chraibi,Logistique,Longrine préfabriquée,Fondation,238,739.18,175924.84,Adjuvants Maroc SA,Settat,En cours,Lotissement Al Wifaq Extension,3100000.0,100
CMD-0021,2024-09-11,Ynna Holding Travaux,Casablanca,0522-664321,Mehdi Fassi,Qualité,Poutre précontrainte,Structure,211,1253.6,264509.6,Bois & Coffrage Sud,Marrakech,Livrée,Résidence Palmiers Dorés,4500000.0,59
CMD-0036,2024-09-11,Chaabane Travaux Publics,Agadir,0528-224567,Yassine El Amrani,Commercial,Dalle alvéolée préfabriquée,Structure,382,909.66,347490.12,Lafarge Holcim Maroc,Casablanca,Livrée,Zone Industrielle Sidi Ghanem,8200000.0,214
CMD-0158,2024-09-16,Douja Promotion Addoha,Marrakech,0524-778821,Imane Tazi,Ressources Humaines,Prédalle béton armé,Structure,330,780.23,257475.9,Lafarge Holcim Maroc,Casablanca,En cours,Résidence Palmiers Dorés,4500000.0,195
CMD-0040,2024-09-17,Groupe Palmeraie Bâtiment,Marrakech,0524-119933,Nadia Chraibi,Logistique,Acrotère préfabriqué,Façade,64,410.03,26241.92,Lafarge Holcim Maroc,Casablanca,Livrée,Marrakech Gate Towers,21000000.0,101
CMD-0064,2024-09-21,Prom'Habitat Sud,Ouarzazate,0528-441234,Rachid Alaoui,Finance,Prédalle béton armé,Structure,98,790.44,77463.12,Ciments du Maroc,Casablanca,Livrée,Complexe Atlas Business Center,12000000.0,185
CMD-0027,2024-09-24,Alliance Ciment & Béton,Safi,0524-990011,Younes Berrada,Commercial,Dalle alvéolée préfabriquée,Structure,46,853.82,39275.72,Adjuvants Maroc SA,Settat,Livrée,Marrakech Gate Towers,21000000.0,165
CMD-0078,2024-10-05,Immo Atlas Promotion,Marrakech,0524-332211,Nadia Chraibi,Logistique,Poutre précontrainte,Structure,357,1187.44,423916.08,Lafarge Holcim Maroc,Casablanca,Livrée,Lotissement Al Wifaq Extension,3100000.0,210
CMD-0112,2024-10-10,Douja Promotion Addoha,Marrakech,0524-778821,Younes Berrada,Commercial,Bloc béton creux 20x20x40,Maçonnerie,80,6.84,547.2,Sonasid Acier,El Jadida,En attente,Complexe Atlas Business Center,12000000.0,5
CMD-0038,2024-10-12,Chaabane Travaux Publics,Agadir,0528-224567,Yassine El Amrani,Commercial,Bloc béton creux 20x20x40,Maçonnerie,173,6.41,1108.93,Bois & Coffrage Sud,Marrakech,Livrée,Lotissement Al Wifaq Extension,3100000.0,39
CMD-0031,2024-10-15,Prom'Habitat Sud,Ouarzazate,0528-441234,Karim Naciri,Production,Poutre précontrainte,Structure,385,1226.3,472125.5,Granulats de l'Atlas,Marrakech,En cours,Résidence Palmiers Dorés,4500000.0,143
CMD-0150,2024-10-18,Immo Atlas Promotion,Marrakech,0524-332211,Omar Benjelloun,Logistique,Prédalle béton armé,Structure,288,835.74,240693.12,Bois & Coffrage Sud,Marrakech,Livrée,Complexe Atlas Business Center,12000000.0,67
CMD-0084,2024-10-21,Douja Promotion Addoha,Marrakech,0524-778821,Nadia Chraibi,Logistique,Prédalle béton armé,Structure,109,768.08,83720.72,Bois & Coffrage Sud,Marrakech,Livrée,Résidence Palmiers Dorés,4500000.0,71
CMD-0093,2024-10-21,Douja Promotion Addoha,Marrakech,0524-778821,Rachid Alaoui,Finance,Prédalle béton armé,Structure,23,803.61,18483.03,Bois & Coffrage Sud,Marrakech,Annulée,Marrakech Gate Towers,21000000.0,124
CMD-0043,2024-11-07,Groupe Palmeraie Bâtiment,Marrakech,0524-119933,Khadija Saadi,Qualité,Poteau préfabriqué,Structure,296,939.67,278142.32,Bois & Coffrage Sud,Marrakech,Livrée,Marrakech Gate Towers,21000000.0,4
CMD-0174,2024-11-12,Groupe Alliances Construction,Marrakech,0524-301122,Nadia Chraibi,Logistique,Longrine préfabriquée,Fondation,318,734.82,233672.76,Lafarge Holcim Maroc,Casablanca,Livrée,Zone Industrielle Sidi Ghanem,8200000.0,37
CMD-0137,2024-11-13,Sotramep BTP,Casablanca,0522-457896,Rachid Alaoui,Finance,Panneau de façade préfabriqué,Façade,307,1388.09,426143.63,Bois & Coffrage Sud,Marrakech,Livrée,Complexe Atlas Business Center,12000000.0,41
CMD-0119,2024-11-16,Chaabane Travaux Publics,Agadir,0528-224567,Rachid Alaoui,Finance,Corniche décorative béton,Façade,237,320.59,75979.83,Sonasid Acier,El Jadida,Livrée,Complexe Atlas Business Center,12000000.0,52
CMD-0131,2024-11-16,Prom'Habitat Sud,Ouarzazate,0528-441234,Omar Benjelloun,Logistique,Dalle alvéolée préfabriquée,Structure,14,858.3,12016.2,Lafarge Holcim Maroc,Casablanca,En cours,Lotissement Al Wifaq Extension,3100000.0,43
CMD-0025,2024-11-17,Menara Business Park SARL,Marrakech,0524-223344,Khadija Saadi,Qualité,Bloc béton creux 20x20x40,Maçonnerie,116,6.99,810.84,Sonasid Acier,El Jadida,Livrée,Complexe Atlas Business Center,12000000.0,35
CMD-0136,2024-11-19,Prom'Habitat Sud,Ouarzazate,0528-441234,Rachid Alaoui,Finance,Acrotère préfabriqué,Façade,353,438.76,154882.28,Adjuvants Maroc SA,Settat,Livrée,Lotissement Al Wifaq Extension,3100000.0,169
CMD-0028,2024-11-19,Menara Business Park SARL,Marrakech,0524-223344,Omar Benjelloun,Logistique,Corniche décorative béton,Façade,348,330.85,115135.8,Granulats de l'Atlas,Marrakech,En attente,Zone Industrielle Sidi Ghanem,8200000.0,238
CMD-0007,2024-11-28,Immo Atlas Promotion,Marrakech,0524-332211,Imane Tazi,Ressources Humaines,Prédalle béton armé,Structure,143,841.34,120311.62,Sonasid Acier,El Jadida,En attente,Lotissement Al Wifaq Extension,3100000.0,116
CMD-0055,2024-12-01,Groupe Alliances Construction,Marrakech,0524-301122,Sara Lahlou,Production,Poteau préfabriqué,Structure,98,908.71,89053.58,Lafarge Holcim Maroc,Casablanca,Livrée,Lotissement Al Wifaq Extension,3100000.0,198
CMD-0092,2024-12-02,Prom'Habitat Sud,Ouarzazate,0528-441234,Yassine El Amrani,Commercial,Panneau de façade préfabriqué,Façade,324,1508.07,488614.68,Lafarge Holcim Maroc,Casablanca,En attente,Complexe Atlas Business Center,12000000.0,45
CMD-0162,2024-12-05,Douja Promotion Addoha,Marrakech,0524-778821,Rachid Alaoui,Finance,Bloc béton creux 20x20x40,Maçonnerie,187,6.9,1290.3,Ciments du Maroc,Casablanca,Livrée,Complexe Atlas Business Center,12000000.0,28
CMD-0081,2024-12-07,Ynna Holding Travaux,Casablanca,0522-664321,Omar Benjelloun,Logistique,Corniche décorative béton,Façade,51,323.55,16501.05,Adjuvants Maroc SA,Settat,Livrée,Lotissement Al Wifaq Extension,3100000.0,213
CMD-0141,2024-12-08,Immo Atlas Promotion,Marrakech,0524-332211,Nadia Chraibi,Logistique,Corniche décorative béton,Façade,178,332.24,59138.72,Granulats de l'Atlas,Marrakech,Livrée,Lotissement Al Wifaq Extension,3100000.0,30
CMD-0003,2024-12-10,Ynna Holding Travaux,Casablanca,0522-664321,Imane Tazi,Ressources Humaines,Poteau préfabriqué,Structure,179,936.82,167690.78,Ciments du Maroc,Casablanca,Livrée,Lotissement Al Wifaq Extension,3100000.0,114
CMD-0053,2024-12-10,Groupe Palmeraie Bâtiment,Marrakech,0524-119933,Imane Tazi,Ressources Humaines,Bloc béton creux 20x20x40,Maçonnerie,228,6.59,1502.52,Lafarge Holcim Maroc,Casablanca,En cours,Complexe Atlas Business Center,12000000.0,203
CMD-0124,2024-12-13,Alliance Ciment & Béton,Safi,0524-990011,Imane Tazi,Ressources Humaines,Panneau de façade préfabriqué,Façade,97,1429.01,138613.97,Adjuvants Maroc SA,Settat,Livrée,Résidence Palmiers Dorés,4500000.0,162
CMD-0177,2024-12-20,Groupe Alliances Construction,Marrakech,0524-301122,Sara Lahlou,Production,Panneau de façade préfabriqué,Façade,87,1438.32,125133.84,Sonasid Acier,El Jadida,En attente,Zone Industrielle Sidi Ghanem,8200000.0,119
CMD-0060,2024-12-21,Prom'Habitat Sud,Ouarzazate,0528-441234,Yassine El Amrani,Commercial,Panneau de façade préfabriqué,Façade,66,1527.59,100820.94,Bois & Coffrage Sud,Marrakech,Livrée,Marrakech Gate Towers,21000000.0,25
CMD-0134,2024-12-23,Menara Business Park SARL,Marrakech,0524-223344,Omar Benjelloun,Logistique,Poteau préfabriqué,Structure,266,980.7,260866.2,Granulats de l'Atlas,Marrakech,Livrée,Résidence Palmiers Dorés,4500000.0,103
CMD-0037,2024-12-24,Menara Business Park SARL,Marrakech,0524-223344,Hafsa Idrissi,Production,Prédalle béton armé,Structure,107,823.8,88146.6,Ciments du Maroc,Casablanca,Livrée,Zone Industrielle Sidi Ghanem,8200000.0,239
CMD-0056,2024-12-24,Bina Sakane Promoteur,Rabat,0537-887766,Nadia Chraibi,Logistique,Corniche décorative béton,Façade,46,323.56,14883.76,Granulats de l'Atlas,Marrakech,Livrée,Complexe Atlas Business Center,12000000.0,30
CMD-0142,2024-12-24,Sotramep BTP,Casablanca,0522-457896,Imane Tazi,Ressources Humaines,Panneau de façade préfabriqué,Façade,81,1440.34,116667.54,Granulats de l'Atlas,Marrakech,Livrée,Marrakech Gate Towers,21000000.0,76
CMD-0067,2024-12-26,Résidences Al Wifaq,Marrakech,0524-556789,Khadija Saadi,Qualité,Longrine préfabriquée,Fondation,181,693.67,125554.27,Lafarge Holcim Maroc,Casablanca,En cours,Marrakech Gate Towers,21000000.0,173
CMD-0020,2024-12-28,Immo Atlas Promotion,Marrakech,0524-332211,Khadija Saadi,Qualité,Prédalle béton armé,Structure,102,750.56,76557.12,Sonasid Acier,El Jadida,Livrée,Lotissement Al Wifaq Extension,3100000.0,224
CMD-0148,2025-01-11,Menara Business Park SARL,Marrakech,0524-223344,Rachid Alaoui,Finance,Bloc béton creux 20x20x40,Maçonnerie,245,6.94,1700.3,Adjuvants Maroc SA,Settat,En cours,Complexe Atlas Business Center,12000000.0,103
CMD-0107,2025-01-14,Groupe Alliances Construction,Marrakech,0524-301122,Nadia Chraibi,Logistique,Poutre précontrainte,Structure,280,1161.16,325124.8,Ciments du Maroc,Casablanca,En cours,Zone Industrielle Sidi Ghanem,8200000.0,236
CMD-0168,2025-01-14,Prom'Habitat Sud,Ouarzazate,0528-441234,Nadia Chraibi,Logistique,Acrotère préfabriqué,Façade,314,397.68,124871.52,Lafarge Holcim Maroc,Casablanca,Livrée,Résidence Palmiers Dorés,4500000.0,234
CMD-0152,2025-01-18,Groupe Alliances Construction,Marrakech,0524-301122,Rachid Alaoui,Finance,Longrine préfabriquée,Fondation,125,690.14,86267.5,Lafarge Holcim Maroc,Casablanca,Livrée,Complexe Atlas Business Center,12000000.0,45
CMD-0004,2025-01-22,Groupe Palmeraie Bâtiment,Marrakech,0524-119933,Hafsa Idrissi,Production,Acrotère préfabriqué,Façade,27,428.39,11566.53,Granulats de l'Atlas,Marrakech,Livrée,Complexe Atlas Business Center,12000000.0,67
CMD-0117,2025-01-25,Ynna Holding Travaux,Casablanca,0522-664321,Karim Naciri,Production,Acrotère préfabriqué,Façade,38,396.23,15056.74,Granulats de l'Atlas,Marrakech,Annulée,Zone Industrielle Sidi Ghanem,8200000.0,170
CMD-0052,2025-02-03,Groupe Palmeraie Bâtiment,Marrakech,0524-119933,Rachid Alaoui,Finance,Corniche décorative béton,Façade,8,343.22,2745.76,Adjuvants Maroc SA,Settat,En attente,Lotissement Al Wifaq Extension,3100000.0,156
CMD-0133,2025-02-09,Menara Business Park SARL,Marrakech,0524-223344,Omar Benjelloun,Logistique,Poutre précontrainte,Structure,228,1231.86,280864.08,Lafarge Holcim Maroc,Casablanca,En attente,Zone Industrielle Sidi Ghanem,8200000.0,44
CMD-0066,2025-02-18,Chaabane Travaux Publics,Agadir,0528-224567,Khadija Saadi,Qualité,Prédalle béton armé,Structure,13,750.44,9755.72,Bois & Coffrage Sud,Marrakech,En cours,Lotissement Al Wifaq Extension,3100000.0,117
CMD-0075,2025-02-22,Résidences Al Wifaq,Marrakech,0524-556789,Mehdi Fassi,Qualité,Bloc béton creux 20x20x40,Maçonnerie,287,6.24,1790.88,Sonasid Acier,El Jadida,Livrée,Zone Industrielle Sidi Ghanem,8200000.0,5
CMD-0121,2025-02-24,Menara Business Park SARL,Marrakech,0524-223344,Omar Benjelloun,Logistique,Dalle alvéolée préfabriquée,Structure,292,869.57,253914.44,Adjuvants Maroc SA,Settat,Livrée,Marrakech Gate Towers,21000000.0,66
CMD-0083,2025-02-27,Résidences Al Wifaq,Marrakech,0524-556789,Omar Benjelloun,Logistique,Longrine préfabriquée,Fondation,341,733.48,250116.68,Lafarge Holcim Maroc,Casablanca,Livrée,Résidence Palmiers Dorés,4500000.0,240
CMD-0086,2025-03-01,Chaabane Travaux Publics,Agadir,0528-224567,Hafsa Idrissi,Production,Poteau préfabriqué,Structure,371,938.54,348198.34,Ciments du Maroc,Casablanca,En attente,Lotissement Al Wifaq Extension,3100000.0,143
CMD-0051,2025-03-01,Groupe Palmeraie Bâtiment,Marrakech,0524-119933,Mehdi Fassi,Qualité,Bloc béton creux 20x20x40,Maçonnerie,217,6.52,1414.84,Bois & Coffrage Sud,Marrakech,Livrée,Résidence Palmiers Dorés,4500000.0,242
CMD-0123,2025-03-15,Chaabane Travaux Publics,Agadir,0528-224567,Hafsa Idrissi,Production,Escalier préfabriqué,Aménagement,395,3155.88,1246572.6,Adjuvants Maroc SA,Settat,En attente,Résidence Palmiers Dorés,4500000.0,119
CMD-0156,2025-03-15,Ynna Holding Travaux,Casablanca,0522-664321,Imane Tazi,Ressources Humaines,Longrine préfabriquée,Fondation,128,719.95,92153.6,Bois & Coffrage Sud,Marrakech,Livrée,Marrakech Gate Towers,21000000.0,153
CMD-0120,2025-03-18,Prom'Habitat Sud,Ouarzazate,0528-441234,Nadia Chraibi,Logistique,Prédalle béton armé,Structure,51,825.34,42092.34,Sonasid Acier,El Jadida,Livrée,Résidence Palmiers Dorés,4500000.0,51
CMD-0061,2025-03-19,Prom'Habitat Sud,Ouarzazate,0528-441234,Omar Benjelloun,Logistique,Escalier préfabriqué,Aménagement,220,3382.09,744059.8,Adjuvants Maroc SA,Settat,Annulée,Résidence Palmiers Dorés,4500000.0,58
CMD-0176,2025-03-19,Prom'Habitat Sud,Ouarzazate,0528-441234,Imane Tazi,Ressources Humaines,Longrine préfabriquée,Fondation,98,724.37,70988.26,Sonasid Acier,El Jadida,Livrée,Marrakech Gate Towers,21000000.0,70
CMD-0022,2025-03-29,Douja Promotion Addoha,Marrakech,0524-778821,Rachid Alaoui,Finance,Poteau préfabriqué,Structure,241,933.35,224937.35,Lafarge Holcim Maroc,Casablanca,En attente,Complexe Atlas Business Center,12000000.0,42
CMD-0147,2025-03-30,Menara Business Park SARL,Marrakech,0524-223344,Imane Tazi,Ressources Humaines,Prédalle béton armé,Structure,215,777.94,167257.1,Bois & Coffrage Sud,Marrakech,En cours,Résidence Palmiers Dorés,4500000.0,125
CMD-0073,2025-04-06,Sotramep BTP,Casablanca,0522-457896,Imane Tazi,Ressources Humaines,Acrotère préfabriqué,Façade,120,430.84,51700.8,Adjuvants Maroc SA,Settat,En attente,Marrakech Gate Towers,21000000.0,198
CMD-0151,2025-04-06,Immo Atlas Promotion,Marrakech,0524-332211,Nadia Chraibi,Logistique,Poteau préfabriqué,Structure,51,1019.38,51988.38,Adjuvants Maroc SA,Settat,En attente,Lotissement Al Wifaq Extension,3100000.0,117
CMD-0024,2025-04-10,Ynna Holding Travaux,Casablanca,0522-664321,Salma Bouziane,Commercial,Poteau préfabriqué,Structure,6,1024.19,6145.14,Ciments du Maroc,Casablanca,Livrée,Lotissement Al Wifaq Extension,3100000.0,139
CMD-0104,2025-04-10,Chaabane Travaux Publics,Agadir,0528-224567,Khadija Saadi,Qualité,Escalier préfabriqué,Aménagement,207,3045.79,630478.53,Adjuvants Maroc SA,Settat,Livrée,Résidence Palmiers Dorés,4500000.0,67
CMD-0082,2025-04-10,Sotramep BTP,Casablanca,0522-457896,Salma Bouziane,Commercial,Prédalle béton armé,Structure,344,836.84,287872.96,Lafarge Holcim Maroc,Casablanca,Livrée,Complexe Atlas Business Center,12000000.0,22
CMD-0096,2025-04-15,Alliance Ciment & Béton,Safi,0524-990011,Rachid Alaoui,Finance,Acrotère préfabriqué,Façade,123,414.08,50931.84,Lafarge Holcim Maroc,Casablanca,Livrée,Zone Industrielle Sidi Ghanem,8200000.0,134
CMD-0138,2025-04-18,Groupe Alliances Construction,Marrakech,0524-301122,Hafsa Idrissi,Production,Poutre précontrainte,Structure,319,1232.68,393224.92,Granulats de l'Atlas,Marrakech,En cours,Résidence Palmiers Dorés,4500000.0,200
CMD-0063,2025-04-20,Menara Business Park SARL,Marrakech,0524-223344,Imane Tazi,Ressources Humaines,Bloc béton creux 20x20x40,Maçonnerie,147,6.92,1017.24,Granulats de l'Atlas,Marrakech,En cours,Résidence Palmiers Dorés,4500000.0,128
CMD-0062,2025-04-21,Prom'Habitat Sud,Ouarzazate,0528-441234,Rachid Alaoui,Finance,Poteau préfabriqué,Structure,338,935.86,316320.68,Lafarge Holcim Maroc,Casablanca,Livrée,Marrakech Gate Towers,21000000.0,251
CMD-0080,2025-04-26,Prom'Habitat Sud,Ouarzazate,0528-441234,Imane Tazi,Ressources Humaines,Panneau de façade préfabriqué,Façade,25,1521.35,38033.75,Bois & Coffrage Sud,Marrakech,Livrée,Marrakech Gate Towers,21000000.0,93
CMD-0071,2025-05-04,Alliance Ciment & Béton,Safi,0524-990011,Nadia Chraibi,Logistique,Prédalle béton armé,Structure,99,838.9,83051.1,Lafarge Holcim Maroc,Casablanca,Livrée,Complexe Atlas Business Center,12000000.0,133
CMD-0127,2025-05-12,Groupe Alliances Construction,Marrakech,0524-301122,Yassine El Amrani,Commercial,Dalle alvéolée préfabriquée,Structure,144,856.46,123330.24,Adjuvants Maroc SA,Settat,En cours,Résidence Palmiers Dorés,4500000.0,221
CMD-0019,2025-05-12,Prom'Habitat Sud,Ouarzazate,0528-441234,Karim Naciri,Production,Dalle alvéolée préfabriquée,Structure,41,864.31,35436.71,Ciments du Maroc,Casablanca,Livrée,Complexe Atlas Business Center,12000000.0,146
CMD-0065,2025-05-15,Alliance Ciment & Béton,Safi,0524-990011,Khadija Saadi,Qualité,Dalle alvéolée préfabriquée,Structure,102,816.96,83329.92,Adjuvants Maroc SA,Settat,En cours,Marrakech Gate Towers,21000000.0,212
CMD-0046,2025-05-21,Ynna Holding Travaux,Casablanca,0522-664321,Imane Tazi,Ressources Humaines,Corniche décorative béton,Façade,104,333.88,34723.52,Lafarge Holcim Maroc,Casablanca,Livrée,Marrakech Gate Towers,21000000.0,200
CMD-0090,2025-05-22,Chaabane Travaux Publics,Agadir,0528-224567,Rachid Alaoui,Finance,Prédalle béton armé,Structure,202,841.23,169928.46,Granulats de l'Atlas,Marrakech,Annulée,Lotissement Al Wifaq Extension,3100000.0,81
CMD-0163,2025-05-24,Bina Sakane Promoteur,Rabat,0537-887766,Rachid Alaoui,Finance,Prédalle béton armé,Structure,178,839.74,149473.72,Bois & Coffrage Sud,Marrakech,Livrée,Lotissement Al Wifaq Extension,3100000.0,258
CMD-0130,2025-05-27,Résidences Al Wifaq,Marrakech,0524-556789,Omar Benjelloun,Logistique,Prédalle béton armé,Structure,94,754.1,70885.4,Ciments du Maroc,Casablanca,En cours,Lotissement Al Wifaq Extension,3100000.0,121
CMD-0145,2025-06-03,Bina Sakane Promoteur,Rabat,0537-887766,Rachid Alaoui,Finance,Poteau préfabriqué,Structure,44,939.03,41317.32,Sonasid Acier,El Jadida,En cours,Zone Industrielle Sidi Ghanem,8200000.0,55
CMD-0161,2025-06-11,Ynna Holding Travaux,Casablanca,0522-664321,Hafsa Idrissi,Production,Dalle alvéolée préfabriquée,Structure,26,842.37,21901.62,Sonasid Acier,El Jadida,Livrée,Zone Industrielle Sidi Ghanem,8200000.0,162
CMD-0017,2025-06-13,Menara Business Park SARL,Marrakech,0524-223344,Mehdi Fassi,Qualité,Panneau de façade préfabriqué,Façade,348,1500.0,522000.0,Bois & Coffrage Sud,Marrakech,Livrée,Lotissement Al Wifaq Extension,3100000.0,228
CMD-0049,2025-06-17,Douja Promotion Addoha,Marrakech,0524-778821,Rachid Alaoui,Finance,Prédalle béton armé,Structure,137,817.23,111960.51,Sonasid Acier,El Jadida,Livrée,Lotissement Al Wifaq Extension,3100000.0,145
CMD-0140,2025-06-20,Bina Sakane Promoteur,Rabat,0537-887766,Mehdi Fassi,Qualité,Poteau préfabriqué,Structure,131,989.89,129675.59,Adjuvants Maroc SA,Settat,Livrée,Résidence Palmiers Dorés,4500000.0,228
CMD-0157,2025-06-22,Bina Sakane Promoteur,Rabat,0537-887766,Younes Berrada,Commercial,Poteau préfabriqué,Structure,273,1022.87,279243.51,Lafarge Holcim Maroc,Casablanca,Livrée,Résidence Palmiers Dorés,4500000.0,38
CMD-0114,2025-06-22,Chaabane Travaux Publics,Agadir,0528-224567,Imane Tazi,Ressources Humaines,Poteau préfabriqué,Structure,31,918.15,28462.65,Ciments du Maroc,Casablanca,Livrée,Complexe Atlas Business Center,12000000.0,219
CMD-0128,2025-06-23,Groupe Palmeraie Bâtiment,Marrakech,0524-119933,Omar Benjelloun,Logistique,Poutre précontrainte,Structure,225,1157.3,260392.5,Adjuvants Maroc SA,Settat,En cours,Complexe Atlas Business Center,12000000.0,253
CMD-0011,2025-06-25,Immo Atlas Promotion,Marrakech,0524-332211,Khadija Saadi,Qualité,Poutre précontrainte,Structure,200,1232.96,246592.0,Adjuvants Maroc SA,Settat,Livrée,Lotissement Al Wifaq Extension,3100000.0,243
CMD-0102,2025-06-27,Immo Atlas Promotion,Marrakech,0524-332211,Hafsa Idrissi,Production,Corniche décorative béton,Façade,107,309.5,33116.5,Granulats de l'Atlas,Marrakech,Livrée,Zone Industrielle Sidi Ghanem,8200000.0,191
CMD-0164,2025-07-12,Douja Promotion Addoha,Marrakech,0524-778821,Omar Benjelloun,Logistique,Corniche décorative béton,Façade,225,329.06,74038.5,Bois & Coffrage Sud,Marrakech,Livrée,Résidence Palmiers Dorés,4500000.0,96
CMD-0001,2025-07-12,Prom'Habitat Sud,Ouarzazate,0528-441234,Karim Naciri,Production,Panneau de façade préfabriqué,Façade,119,1403.8,167052.2,Bois & Coffrage Sud,Marrakech,Livrée,Zone Industrielle Sidi Ghanem,8200000.0,56
CMD-0002,2025-07-12,Groupe Palmeraie Bâtiment,Marrakech,0524-119933,Karim Naciri,Production,Bloc béton creux 20x20x40,Maçonnerie,263,6.68,1756.84,Ciments du Maroc,Casablanca,Livrée,Zone Industrielle Sidi Ghanem,8200000.0,105
CMD-0118,2025-07-18,Douja Promotion Addoha,Marrakech,0524-778821,Nadia Chraibi,Logistique,Acrotère préfabriqué,Façade,55,431.77,23747.35,Adjuvants Maroc SA,Settat,En cours,Lotissement Al Wifaq Extension,3100000.0,62
CMD-0085,2025-07-19,Menara Business Park SARL,Marrakech,0524-223344,Rachid Alaoui,Finance,Acrotère préfabriqué,Façade,368,397.94,146441.92,Ciments du Maroc,Casablanca,Livrée,Zone Industrielle Sidi Ghanem,8200000.0,11
CMD-0042,2025-07-21,Sotramep BTP,Casablanca,0522-457896,Khadija Saadi,Qualité,Panneau de façade préfabriqué,Façade,172,1453.35,249976.2,Adjuvants Maroc SA,Settat,Livrée,Lotissement Al Wifaq Extension,3100000.0,155
CMD-0030,2025-07-21,Sotramep BTP,Casablanca,0522-457896,Salma Bouziane,Commercial,Poteau préfabriqué,Structure,283,989.39,279997.37,Granulats de l'Atlas,Marrakech,Livrée,Lotissement Al Wifaq Extension,3100000.0,8
CMD-0033,2025-07-28,Résidences Al Wifaq,Marrakech,0524-556789,Karim Naciri,Production,Poteau préfabriqué,Structure,87,994.04,86481.48,Granulats de l'Atlas,Marrakech,Livrée,Complexe Atlas Business Center,12000000.0,222
CMD-0179,2025-07-31,Douja Promotion Addoha,Marrakech,0524-778821,Mehdi Fassi,Qualité,Acrotère préfabriqué,Façade,92,424.61,39064.12,Adjuvants Maroc SA,Settat,Livrée,Zone Industrielle Sidi Ghanem,8200000.0,176
CMD-0099,2025-08-02,Bina Sakane Promoteur,Rabat,0537-887766,Imane Tazi,Ressources Humaines,Panneau de façade préfabriqué,Façade,342,1452.11,496621.62,Bois & Coffrage Sud,Marrakech,En attente,Résidence Palmiers Dorés,4500000.0,8
CMD-0126,2025-08-04,Chaabane Travaux Publics,Agadir,0528-224567,Rachid Alaoui,Finance,Escalier préfabriqué,Aménagement,194,3169.64,614910.16,Lafarge Holcim Maroc,Casablanca,En cours,Zone Industrielle Sidi Ghanem,8200000.0,170
CMD-0101,2025-08-16,Alliance Ciment & Béton,Safi,0524-990011,Omar Benjelloun,Logistique,Poutre précontrainte,Structure,163,1263.02,205872.26,Bois & Coffrage Sud,Marrakech,Livrée,Résidence Palmiers Dorés,4500000.0,21
CMD-0009,2025-08-21,Groupe Palmeraie Bâtiment,Marrakech,0524-119933,Khadija Saadi,Qualité,Panneau de façade préfabriqué,Façade,131,1517.93,198848.83,Sonasid Acier,El Jadida,Livrée,Zone Industrielle Sidi Ghanem,8200000.0,138
CMD-0097,2025-08-24,Groupe Alliances Construction,Marrakech,0524-301122,Rachid Alaoui,Finance,Longrine préfabriquée,Fondation,42,695.12,29195.04,Bois & Coffrage Sud,Marrakech,Livrée,Zone Industrielle Sidi Ghanem,8200000.0,180
CMD-0054,2025-08-29,Groupe Palmeraie Bâtiment,Marrakech,0524-119933,Mehdi Fassi,Qualité,Poteau préfabriqué,Structure,278,905.83,251820.74,Lafarge Holcim Maroc,Casablanca,En cours,Marrakech Gate Towers,21000000.0,205
CMD-0014,2025-09-05,Prom'Habitat Sud,Ouarzazate,0528-441234,Imane Tazi,Ressources Humaines,Escalier préfabriqué,Aménagement,281,3436.66,965701.46,Sonasid Acier,El Jadida,Livrée,Zone Industrielle Sidi Ghanem,8200000.0,4
CMD-0170,2025-09-18,Immo Atlas Promotion,Marrakech,0524-332211,Rachid Alaoui,Finance,Poutre précontrainte,Structure,138,1249.83,172476.54,Adjuvants Maroc SA,Settat,Livrée,Complexe Atlas Business Center,12000000.0,113
CMD-0048,2025-09-19,Sotramep BTP,Casablanca,0522-457896,Rachid Alaoui,Finance,Longrine préfabriquée,Fondation,309,683.96,211343.64,Lafarge Holcim Maroc,Casablanca,En attente,Marrakech Gate Towers,21000000.0,230
CMD-0115,2025-09-21,Sotramep BTP,Casablanca,0522-457896,Rachid Alaoui,Finance,Longrine préfabriquée,Fondation,60,696.04,41762.4,Granulats de l'Atlas,Marrakech,Livrée,Marrakech Gate Towers,21000000.0,117
CMD-0178,2025-09-21,Douja Promotion Addoha,Marrakech,0524-778821,Omar Benjelloun,Logistique,Bloc béton creux 20x20x40,Maçonnerie,145,6.28,910.6,Granulats de l'Atlas,Marrakech,Livrée,Marrakech Gate Towers,21000000.0,159
CMD-0108,2025-09-22,Menara Business Park SARL,Marrakech,0524-223344,Khadija Saadi,Qualité,Poteau préfabriqué,Structure,340,914.73,311008.2,Adjuvants Maroc SA,Settat,Livrée,Lotissement Al Wifaq Extension,3100000.0,254
CMD-0132,2025-09-24,Alliance Ciment & Béton,Safi,0524-990011,Rachid Alaoui,Finance,Poutre précontrainte,Structure,15,1290.73,19360.95,Granulats de l'Atlas,Marrakech,Livrée,Lotissement Al Wifaq Extension,3100000.0,91
CMD-0180,2025-09-24,Groupe Alliances Construction,Marrakech,0524-301122,Karim Naciri,Production,Acrotère préfabriqué,Façade,338,400.74,135450.12,Bois & Coffrage Sud,Marrakech,En cours,Complexe Atlas Business Center,12000000.0,217
CMD-0035,2025-09-27,Bina Sakane Promoteur,Rabat,0537-887766,Hafsa Idrissi,Production,Bloc béton creux 20x20x40,Maçonnerie,186,6.83,1270.38,Sonasid Acier,El Jadida,En cours,Résidence Palmiers Dorés,4500000.0,212
CMD-0041,2025-09-30,Groupe Palmeraie Bâtiment,Marrakech,0524-119933,Sara Lahlou,Production,Bloc béton creux 20x20x40,Maçonnerie,225,6.23,1401.75,Adjuvants Maroc SA,Settat,Livrée,Complexe Atlas Business Center,12000000.0,173
CMD-0013,2025-10-02,Immo Atlas Promotion,Marrakech,0524-332211,Rachid Alaoui,Finance,Panneau de façade préfabriqué,Façade,395,1411.18,557416.1,Bois & Coffrage Sud,Marrakech,Livrée,Marrakech Gate Towers,21000000.0,58
CMD-0181,2026-09-27,Hafsa Bicha,Safi,0464584790,hfiefbef,Production,beton,Structure,5,30.0,150.0,jdhfds,dgssfhdth,En attente,vala,6000.0,28
